{
  "version": "5.5.1",
  "objects": [
    {
      "id": "d3bb3190-ec41-11e8-befa-0bc0acbae1b7",
      "type": "visualization",
      "version": 3,
      "attributes": {
        "title": "Histogram",
        "visState": "{\"title\":\"Histogram\",\"type\":\"histogram\",\"params\":{\"grid\":{\"categoryLines\":false,\"style\":{\"color\":\"#eee\"}},\"categoryAxes\":[{\"id\":\"CategoryAxis-1\",\"type\":\"category\",\"position\":\"bottom\",\"show\":true,\"style\":{},\"scale\":{\"type\":\"linear\"},\"labels\":{\"show\":true,\"truncate\":100},\"title\":{\"text\":\"@timestamp per 30 seconds\"}}],\"valueAxes\":[{\"id\":\"ValueAxis-1\",\"name\":\"LeftAxis-1\",\"type\":\"value\",\"position\":\"left\",\"show\":true,\"style\":{},\"scale\":{\"type\":\"linear\",\"mode\":\"normal\"},\"labels\":{\"show\":true,\"rotate\":0,\"filter\":false,\"truncate\":100},\"title\":{\"text\":\"Count\"}}],\"seriesParams\":[{\"show\":\"true\",\"type\":\"histogram\",\"mode\":\"stacked\",\"data\":{\"label\":\"Count\",\"id\":\"1\"},\"valueAxis\":\"ValueAxis-1\",\"drawLinesBetweenPoints\":true,\"showCircles\":true}],\"addTooltip\":true,\"addLegend\":true,\"legendPosition\":\"right\",\"times\":[],\"addTimeMarker\":false},\"aggs\":[{\"id\":\"1\",\"enabled\":true,\"type\":\"count\",\"schema\":\"metric\",\"params\":{}},{\"id\":\"2\",\"enabled\":true,\"type\":\"date_histogram\",\"schema\":\"segment\",\"params\":{\"field\":\"@timestamp\",\"interval\":\"auto\",\"customInterval\":\"2h\",\"min_doc_count\":1,\"extended_bounds\":{}}}],\"listeners\":{}}",
        "uiStateJSON": "{}",
        "description": "",
        "savedSearchId": "0ec7b130-ec35-11e8-9dce-6d12537c345f",
        "version": 1,
        "kibanaSavedObjectMeta": {
          "searchSourceJSON": "{\"filter\":[]}"
        }
      }
    },
    {
      "id": "6833d7d0-ec35-11e8-9dce-6d12537c345f",
      "type": "visualization",
      "version": 3,
      "attributes": {
        "title": "Piechart",
        "visState": "{\"title\":\"Piechart\",\"type\":\"pie\",\"params\":{\"addTooltip\":true,\"addLegend\":true,\"legendPosition\":\"right\",\"isDonut\":false},\"aggs\":[{\"id\":\"1\",\"enabled\":true,\"type\":\"count\",\"schema\":\"metric\",\"params\":{}},{\"id\":\"2\",\"enabled\":true,\"type\":\"terms\",\"schema\":\"segment\",\"params\":{\"field\":\"kubernetes.pod.keyword\",\"size\":10,\"order\":\"desc\",\"orderBy\":\"1\"}}],\"listeners\":{}}",
        "uiStateJSON": "{}",
        "description": "",
        "savedSearchId": "0ec7b130-ec35-11e8-9dce-6d12537c345f",
        "version": 1,
        "kibanaSavedObjectMeta": {
          "searchSourceJSON": "{\"filter\":[]}"
        }
      }
    },
    {
      "id": "b44d7d50-ec31-11e8-ac9a-59291829f034",
      "type": "search",
      "version": 3,
      "attributes": {
        "title": "Collect",
        "description": "",
        "hits": 0,
        "columns": [
          "node.hostname",
          "kubernetes.pod",
          "log"
        ],
        "sort": [
          "@timestamp",
          "desc"
        ],
        "version": 1,
        "kibanaSavedObjectMeta": {
          "searchSourceJSON": "{\"index\":\"logstash-*\",\"highlightAll\":true,\"version\":true,\"filter\":[{\"meta\":{\"index\":\"logstash-*\",\"type\":\"phrases\",\"key\":\"kubernetes.pod\",\"value\":\"ibm-nginx, spawner-api, usermgmt, utils-api, wml-ingestion, zen-content, zen-core-api, zen-core, zen-daas-cdn, zen-daas-proxy, zen-database-core, zen-databases, zen-ibm-db2oltp-aese, zen-metastoredb, zen-mongodb, zen-redis\",\"params\":[\"ibm-nginx\",\"spawner-api\",\"usermgmt\",\"utils-api\",\"wml-ingestion\",\"zen-content\",\"zen-core-api\",\"zen-core\",\"zen-daas-cdn\",\"zen-daas-proxy\",\"zen-database-core\",\"zen-databases\",\"zen-ibm-db2oltp-aese\",\"zen-metastoredb\",\"zen-mongodb\",\"zen-redis\"],\"negate\":false,\"disabled\":false,\"alias\":\"Collect\"},\"query\":{\"bool\":{\"should\":[{\"match_phrase\":{\"kubernetes.pod\":\"ibm-nginx\"}},{\"match_phrase\":{\"kubernetes.pod\":\"spawner-api\"}},{\"match_phrase\":{\"kubernetes.pod\":\"usermgmt\"}},{\"match_phrase\":{\"kubernetes.pod\":\"utils-api\"}},{\"match_phrase\":{\"kubernetes.pod\":\"wml-ingestion\"}},{\"match_phrase\":{\"kubernetes.pod\":\"zen-content\"}},{\"match_phrase\":{\"kubernetes.pod\":\"zen-core-api\"}},{\"match_phrase\":{\"kubernetes.pod\":\"zen-core\"}},{\"match_phrase\":{\"kubernetes.pod\":\"zen-daas-cdn\"}},{\"match_phrase\":{\"kubernetes.pod\":\"zen-daas-proxy\"}},{\"match_phrase\":{\"kubernetes.pod\":\"zen-database-core\"}},{\"match_phrase\":{\"kubernetes.pod\":\"zen-databases\"}},{\"match_phrase\":{\"kubernetes.pod\":\"zen-ibm-db2oltp-aese\"}},{\"match_phrase\":{\"kubernetes.pod\":\"zen-metastoredb\"}},{\"match_phrase\":{\"kubernetes.pod\":\"zen-mongodb\"}},{\"match_phrase\":{\"kubernetes.pod\":\"zen-redis\"}}],\"minimum_should_match\":1}},\"$state\":{\"store\":\"appState\"}}]}"
        }
      }
    },
    {
      "id": "8d2f6900-ec30-11e8-ac9a-59291829f034",
      "type": "search",
      "version": 3,
      "attributes": {
        "title": "Analyze",
        "description": "",
        "hits": 0,
        "columns": [
          "node.hostname",
          "kubernetes.pod",
          "log"
        ],
        "sort": [
          "@timestamp",
          "desc"
        ],
        "version": 1,
        "kibanaSavedObjectMeta": {
          "searchSourceJSON": "{\"index\":\"logstash-*\",\"highlightAll\":true,\"version\":true,\"filter\":[{\"meta\":{\"index\":\"logstash-*\",\"type\":\"phrases\",\"key\":\"kubernetes.pod\",\"value\":\"sparkgx, rstudio, zeppelin, zen-scripted-data-python, sparkaas-api-deploy, spark-worker, spark-history-server, slmtagcronjob, repository, redis, r-publish-content, portal-machine-learning, pipeline|, mlscoring, ml-pipelines-api, jupyter-server, jupyter-notebooks-nbviewer, dsx-scripted-ml-python, dsx-core, dd-wmq, dd-scenario-ui, dd-scenario-api, dd-cognitive, dash-front-deploy, cloudant\",\"params\":[\"sparkgx\",\"rstudio\",\"zeppelin\",\"zen-scripted-data-python\",\"sparkaas-api-deploy\",\"spark-worker\",\"spark-history-server\",\"slmtagcronjob\",\"repository\",\"redis\",\"r-publish-content\",\"portal-machine-learning\",\"pipeline|\",\"mlscoring\",\"ml-pipelines-api\",\"jupyter-server\",\"jupyter-notebooks-nbviewer\",\"dsx-scripted-ml-python\",\"dsx-core\",\"dd-wmq\",\"dd-scenario-ui\",\"dd-scenario-api\",\"dd-cognitive\",\"dash-front-deploy\",\"cloudant\"],\"negate\":false,\"disabled\":false,\"alias\":\"Analyze\"},\"query\":{\"bool\":{\"should\":[{\"match_phrase\":{\"kubernetes.pod\":\"sparkgx\"}},{\"match_phrase\":{\"kubernetes.pod\":\"rstudio\"}},{\"match_phrase\":{\"kubernetes.pod\":\"zeppelin\"}},{\"match_phrase\":{\"kubernetes.pod\":\"zen-scripted-data-python\"}},{\"match_phrase\":{\"kubernetes.pod\":\"sparkaas-api-deploy\"}},{\"match_phrase\":{\"kubernetes.pod\":\"spark-worker\"}},{\"match_phrase\":{\"kubernetes.pod\":\"spark-history-server\"}},{\"match_phrase\":{\"kubernetes.pod\":\"slmtagcronjob\"}},{\"match_phrase\":{\"kubernetes.pod\":\"repository\"}},{\"match_phrase\":{\"kubernetes.pod\":\"redis\"}},{\"match_phrase\":{\"kubernetes.pod\":\"r-publish-content\"}},{\"match_phrase\":{\"kubernetes.pod\":\"portal-machine-learning\"}},{\"match_phrase\":{\"kubernetes.pod\":\"pipeline|\"}},{\"match_phrase\":{\"kubernetes.pod\":\"mlscoring\"}},{\"match_phrase\":{\"kubernetes.pod\":\"ml-pipelines-api\"}},{\"match_phrase\":{\"kubernetes.pod\":\"jupyter-server\"}},{\"match_phrase\":{\"kubernetes.pod\":\"jupyter-notebooks-nbviewer\"}},{\"match_phrase\":{\"kubernetes.pod\":\"dsx-scripted-ml-python\"}},{\"match_phrase\":{\"kubernetes.pod\":\"dsx-core\"}},{\"match_phrase\":{\"kubernetes.pod\":\"dd-wmq\"}},{\"match_phrase\":{\"kubernetes.pod\":\"dd-scenario-ui\"}},{\"match_phrase\":{\"kubernetes.pod\":\"dd-scenario-api\"}},{\"match_phrase\":{\"kubernetes.pod\":\"dd-cognitive\"}},{\"match_phrase\":{\"kubernetes.pod\":\"dash-front-deploy\"}},{\"match_phrase\":{\"kubernetes.pod\":\"cloudant\"}}],\"minimum_should_match\":1}},\"$state\":{\"store\":\"appState\"}}]}"
        }
      }
    },
    {
      "id": "c6781ef0-ec2b-11e8-b2d9-114689fc9180",
      "type": "search",
      "version": 3,
      "attributes": {
        "title": "Organize",
        "description": "",
        "hits": 0,
        "columns": [
          "node.hostname",
          "kubernetes.pod",
          "log"
        ],
        "sort": [
          "@timestamp",
          "desc"
        ],
        "version": 1,
        "kibanaSavedObjectMeta": {
          "searchSourceJSON": "{\"index\":\"logstash-*\",\"highlightAll\":true,\"version\":true,\"filter\":[{\"meta\":{\"index\":\"logstash-*\",\"type\":\"phrases\",\"key\":\"kubernetes.pod\",\"value\":\"audit-trail-service, cassandra, is-en-conductor, is-engine-compute, kafka, shop4info-event-consumer, shop4info-rest, shop4info-scheduler, shop4info-type-registry, solr, zen-ibm-iisee-zen-finley-ml, zen-ibm-iisee-zen-gov-app-config-service, zen-ibm-iisee-zen-gov-catalog-search-service, zen-ibm-iisee-zen-gov-enterprise-search-ui, zen-ibm-iisee-zen-gov-social-kg-bridge, zen-ibm-iisee-zen-gov-social-service, zen-ibm-iisee-zen-gov-user-prefs-service, zen-ibm-iisee-zen-gremlin-console, zen-ibm-iisee-zen-igc-ui-react, zen-ibm-iisee-zen-iis-services, zen-ibm-iisee-zen-iis-xmetarepo, zookeeper\",\"params\":[\"audit-trail-service\",\"cassandra\",\"is-en-conductor\",\"is-engine-compute\",\"kafka\",\"shop4info-event-consumer\",\"shop4info-rest\",\"shop4info-scheduler\",\"shop4info-type-registry\",\"solr\",\"zen-ibm-iisee-zen-finley-ml\",\"zen-ibm-iisee-zen-gov-app-config-service\",\"zen-ibm-iisee-zen-gov-catalog-search-service\",\"zen-ibm-iisee-zen-gov-enterprise-search-ui\",\"zen-ibm-iisee-zen-gov-social-kg-bridge\",\"zen-ibm-iisee-zen-gov-social-service\",\"zen-ibm-iisee-zen-gov-user-prefs-service\",\"zen-ibm-iisee-zen-gremlin-console\",\"zen-ibm-iisee-zen-igc-ui-react\",\"zen-ibm-iisee-zen-iis-services\",\"zen-ibm-iisee-zen-iis-xmetarepo\",\"zookeeper\"],\"negate\":false,\"disabled\":false,\"alias\":\"Organize\"},\"query\":{\"bool\":{\"should\":[{\"match_phrase\":{\"kubernetes.pod\":\"audit-trail-service\"}},{\"match_phrase\":{\"kubernetes.pod\":\"cassandra\"}},{\"match_phrase\":{\"kubernetes.pod\":\"is-en-conductor\"}},{\"match_phrase\":{\"kubernetes.pod\":\"is-engine-compute\"}},{\"match_phrase\":{\"kubernetes.pod\":\"kafka\"}},{\"match_phrase\":{\"kubernetes.pod\":\"shop4info-event-consumer\"}},{\"match_phrase\":{\"kubernetes.pod\":\"shop4info-rest\"}},{\"match_phrase\":{\"kubernetes.pod\":\"shop4info-scheduler\"}},{\"match_phrase\":{\"kubernetes.pod\":\"shop4info-type-registry\"}},{\"match_phrase\":{\"kubernetes.pod\":\"solr\"}},{\"match_phrase\":{\"kubernetes.pod\":\"zen-ibm-iisee-zen-finley-ml\"}},{\"match_phrase\":{\"kubernetes.pod\":\"zen-ibm-iisee-zen-gov-app-config-service\"}},{\"match_phrase\":{\"kubernetes.pod\":\"zen-ibm-iisee-zen-gov-catalog-search-service\"}},{\"match_phrase\":{\"kubernetes.pod\":\"zen-ibm-iisee-zen-gov-enterprise-search-ui\"}},{\"match_phrase\":{\"kubernetes.pod\":\"zen-ibm-iisee-zen-gov-social-kg-bridge\"}},{\"match_phrase\":{\"kubernetes.pod\":\"zen-ibm-iisee-zen-gov-social-service\"}},{\"match_phrase\":{\"kubernetes.pod\":\"zen-ibm-iisee-zen-gov-user-prefs-service\"}},{\"match_phrase\":{\"kubernetes.pod\":\"zen-ibm-iisee-zen-gremlin-console\"}},{\"match_phrase\":{\"kubernetes.pod\":\"zen-ibm-iisee-zen-igc-ui-react\"}},{\"match_phrase\":{\"kubernetes.pod\":\"zen-ibm-iisee-zen-iis-services\"}},{\"match_phrase\":{\"kubernetes.pod\":\"zen-ibm-iisee-zen-iis-xmetarepo\"}},{\"match_phrase\":{\"kubernetes.pod\":\"zookeeper\"}}],\"minimum_should_match\":1}},\"$state\":{\"store\":\"appState\"}}],\"query\":{\"query_string\":{\"query\":\"*\",\"analyze_wildcard\":true}}}"
        }
      }
    },
    {
      "id": "logstash-*",
      "type": "index-pattern",
      "version": 6,
      "attributes": {
        "title": "logstash-*",
        "timeFieldName": "@timestamp",
        "notExpandable": true,
        "fields": "[{\"name\":\"@timestamp\",\"type\":\"date\",\"count\":0,\"scripted\":false,\"searchable\":true,\"aggregatable\":true,\"readFromDocValues\":true},{\"name\":\"@version\",\"type\":\"string\",\"count\":0,\"scripted\":false,\"searchable\":true,\"aggregatable\":false,\"readFromDocValues\":false},{\"name\":\"@version.keyword\",\"type\":\"string\",\"count\":0,\"scripted\":false,\"searchable\":true,\"aggregatable\":true,\"readFromDocValues\":true},{\"name\":\"D.R.F\",\"type\":\"string\",\"count\":0,\"scripted\":false,\"searchable\":true,\"aggregatable\":false,\"readFromDocValues\":false},{\"name\":\"D.R.F.keyword\",\"type\":\"string\",\"count\":0,\"scripted\":false,\"searchable\":true,\"aggregatable\":true,\"readFromDocValues\":true},{\"name\":\"D.RD.FD.name\",\"type\":\"string\",\"count\":0,\"scripted\":false,\"searchable\":true,\"aggregatable\":false,\"readFromDocValues\":false},{\"name\":\"D.RD.FD.name.keyword\",\"type\":\"string\",\"count\":0,\"scripted\":false,\"searchable\":true,\"aggregatable\":true,\"readFromDocValues\":true},{\"name\":\"D.RD.FD.type\",\"type\":\"string\",\"count\":0,\"scripted\":false,\"searchable\":true,\"aggregatable\":false,\"readFromDocValues\":false},{\"name\":\"D.RD.FD.type.keyword\",\"type\":\"string\",\"count\":0,\"scripted\":false,\"searchable\":true,\"aggregatable\":true,\"readFromDocValues\":true},{\"name\":\"_id\",\"type\":\"string\",\"count\":0,\"scripted\":false,\"searchable\":true,\"aggregatable\":false,\"readFromDocValues\":false},{\"name\":\"_index\",\"type\":\"string\",\"count\":0,\"scripted\":false,\"searchable\":true,\"aggregatable\":true,\"readFromDocValues\":false},{\"name\":\"_score\",\"type\":\"number\",\"count\":0,\"scripted\":false,\"searchable\":false,\"aggregatable\":false,\"readFromDocValues\":false},{\"name\":\"_source\",\"type\":\"_source\",\"count\":0,\"scripted\":false,\"searchable\":false,\"aggregatable\":false,\"readFromDocValues\":false},{\"name\":\"_type\",\"type\":\"string\",\"count\":0,\"scripted\":false,\"searchable\":true,\"aggregatable\":true,\"readFromDocValues\":false},{\"name\":\"account\",\"type\":\"string\",\"count\":0,\"scripted\":false,\"searchable\":true,\"aggregatable\":false,\"readFromDocValues\":false},{\"name\":\"account.keyword\",\"type\":\"string\",\"count\":0,\"scripted\":false,\"searchable\":true,\"aggregatable\":true,\"readFromDocValues\":true},{\"name\":\"accountID\",\"type\":\"string\",\"count\":0,\"scripted\":false,\"searchable\":true,\"aggregatable\":false,\"readFromDocValues\":false},{\"name\":\"accountID.keyword\",\"type\":\"string\",\"count\":0,\"scripted\":false,\"searchable\":true,\"aggregatable\":true,\"readFromDocValues\":true},{\"name\":\"action\",\"type\":\"string\",\"count\":0,\"scripted\":false,\"searchable\":true,\"aggregatable\":false,\"readFromDocValues\":false},{\"name\":\"action.keyword\",\"type\":\"string\",\"count\":0,\"scripted\":false,\"searchable\":true,\"aggregatable\":true,\"readFromDocValues\":true},{\"name\":\"addr\",\"type\":\"string\",\"count\":0,\"scripted\":false,\"searchable\":true,\"aggregatable\":false,\"readFromDocValues\":false},{\"name\":\"addr.keyword\",\"type\":\"string\",\"count\":0,\"scripted\":false,\"searchable\":true,\"aggregatable\":true,\"readFromDocValues\":true},{\"name\":\"args\",\"type\":\"string\",\"count\":0,\"scripted\":false,\"searchable\":true,\"aggregatable\":false,\"readFromDocValues\":false},{\"name\":\"args.growth\",\"type\":\"number\",\"count\":0,\"scripted\":false,\"searchable\":true,\"aggregatable\":true,\"readFromDocValues\":true},{\"name\":\"args.keyword\",\"type\":\"string\",\"count\":0,\"scripted\":false,\"searchable\":true,\"aggregatable\":true,\"readFromDocValues\":true},{\"name\":\"args.reason\",\"type\":\"string\",\"count\":0,\"scripted\":false,\"searchable\":true,\"aggregatable\":false,\"readFromDocValues\":false},{\"name\":\"args.reason.keyword\",\"type\":\"string\",\"count\":0,\"scripted\":false,\"searchable\":true,\"aggregatable\":true,\"readFromDocValues\":true},{\"name\":\"beat.hostname\",\"type\":\"string\",\"count\":0,\"scripted\":false,\"searchable\":true,\"aggregatable\":false,\"readFromDocValues\":false},{\"name\":\"beat.hostname.keyword\",\"type\":\"string\",\"count\":0,\"scripted\":false,\"searchable\":true,\"aggregatable\":true,\"readFromDocValues\":true},{\"name\":\"beat.name\",\"type\":\"string\",\"count\":0,\"scripted\":false,\"searchable\":true,\"aggregatable\":false,\"readFromDocValues\":false},{\"name\":\"beat.name.keyword\",\"type\":\"string\",\"count\":0,\"scripted\":false,\"searchable\":true,\"aggregatable\":true,\"readFromDocValues\":true},{\"name\":\"beat.version\",\"type\":\"string\",\"count\":0,\"scripted\":false,\"searchable\":true,\"aggregatable\":false,\"readFromDocValues\":false},{\"name\":\"beat.version.keyword\",\"type\":\"string\",\"count\":0,\"scripted\":false,\"searchable\":true,\"aggregatable\":true,\"readFromDocValues\":true},{\"name\":\"body.email\",\"type\":\"string\",\"count\":0,\"scripted\":false,\"searchable\":true,\"aggregatable\":false,\"readFromDocValues\":false},{\"name\":\"body.email.keyword\",\"type\":\"string\",\"count\":0,\"scripted\":false,\"searchable\":true,\"aggregatable\":true,\"readFromDocValues\":true},{\"name\":\"body.family_name\",\"type\":\"string\",\"count\":0,\"scripted\":false,\"searchable\":true,\"aggregatable\":false,\"readFromDocValues\":false},{\"name\":\"body.family_name.keyword\",\"type\":\"string\",\"count\":0,\"scripted\":false,\"searchable\":true,\"aggregatable\":true,\"readFromDocValues\":true},{\"name\":\"body.given_name\",\"type\":\"string\",\"count\":0,\"scripted\":false,\"searchable\":true,\"aggregatable\":false,\"readFromDocValues\":false},{\"name\":\"body.given_name.keyword\",\"type\":\"string\",\"count\":0,\"scripted\":false,\"searchable\":true,\"aggregatable\":true,\"readFromDocValues\":true},{\"name\":\"body.name\",\"type\":\"string\",\"count\":0,\"scripted\":false,\"searchable\":true,\"aggregatable\":false,\"readFromDocValues\":false},{\"name\":\"body.name.keyword\",\"type\":\"string\",\"count\":0,\"scripted\":false,\"searchable\":true,\"aggregatable\":true,\"readFromDocValues\":true},{\"name\":\"body.sub\",\"type\":\"string\",\"count\":0,\"scripted\":false,\"searchable\":true,\"aggregatable\":false,\"readFromDocValues\":false},{\"name\":\"body.sub.keyword\",\"type\":\"string\",\"count\":0,\"scripted\":false,\"searchable\":true,\"aggregatable\":true,\"readFromDocValues\":true},{\"name\":\"body.user_id\",\"type\":\"string\",\"count\":0,\"scripted\":false,\"searchable\":true,\"aggregatable\":false,\"readFromDocValues\":false},{\"name\":\"body.user_id.keyword\",\"type\":\"string\",\"count\":0,\"scripted\":false,\"searchable\":true,\"aggregatable\":true,\"readFromDocValues\":true},{\"name\":\"body.user_name\",\"type\":\"string\",\"count\":0,\"scripted\":false,\"searchable\":true,\"aggregatable\":false,\"readFromDocValues\":false},{\"name\":\"body.user_name.keyword\",\"type\":\"string\",\"count\":0,\"scripted\":false,\"searchable\":true,\"aggregatable\":true,\"readFromDocValues\":true},{\"name\":\"checkTime\",\"type\":\"date\",\"count\":0,\"scripted\":false,\"searchable\":true,\"aggregatable\":true,\"readFromDocValues\":true},{\"name\":\"clientIp\",\"type\":\"string\",\"count\":0,\"scripted\":false,\"searchable\":true,\"aggregatable\":false,\"readFromDocValues\":false},{\"name\":\"clientIp.keyword\",\"type\":\"string\",\"count\":0,\"scripted\":false,\"searchable\":true,\"aggregatable\":true,\"readFromDocValues\":true},{\"name\":\"client_ip\",\"type\":\"string\",\"count\":0,\"scripted\":false,\"searchable\":true,\"aggregatable\":false,\"readFromDocValues\":false},{\"name\":\"client_ip.keyword\",\"type\":\"string\",\"count\":0,\"scripted\":false,\"searchable\":true,\"aggregatable\":true,\"readFromDocValues\":true},{\"name\":\"cluster\",\"type\":\"string\",\"count\":0,\"scripted\":false,\"searchable\":true,\"aggregatable\":false,\"readFromDocValues\":false},{\"name\":\"cluster.keyword\",\"type\":\"string\",\"count\":0,\"scripted\":false,\"searchable\":true,\"aggregatable\":true,\"readFromDocValues\":true},{\"name\":\"clusterID\",\"type\":\"string\",\"count\":0,\"scripted\":false,\"searchable\":true,\"aggregatable\":false,\"readFromDocValues\":false},{\"name\":\"clusterID.keyword\",\"type\":\"string\",\"count\":0,\"scripted\":false,\"searchable\":true,\"aggregatable\":true,\"readFromDocValues\":true},{\"name\":\"clusterName\",\"type\":\"string\",\"count\":0,\"scripted\":false,\"searchable\":true,\"aggregatable\":false,\"readFromDocValues\":false},{\"name\":\"clusterName.keyword\",\"type\":\"string\",\"count\":0,\"scripted\":false,\"searchable\":true,\"aggregatable\":true,\"readFromDocValues\":true},{\"name\":\"columns.name\",\"type\":\"string\",\"count\":0,\"scripted\":false,\"searchable\":true,\"aggregatable\":false,\"readFromDocValues\":false},{\"name\":\"columns.name.keyword\",\"type\":\"string\",\"count\":0,\"scripted\":false,\"searchable\":true,\"aggregatable\":true,\"readFromDocValues\":true},{\"name\":\"columns.type\",\"type\":\"string\",\"count\":0,\"scripted\":false,\"searchable\":true,\"aggregatable\":false,\"readFromDocValues\":false},{\"name\":\"columns.type.keyword\",\"type\":\"string\",\"count\":0,\"scripted\":false,\"searchable\":true,\"aggregatable\":true,\"readFromDocValues\":true},{\"name\":\"comment\",\"type\":\"string\",\"count\":0,\"scripted\":false,\"searchable\":true,\"aggregatable\":false,\"readFromDocValues\":false},{\"name\":\"comment.keyword\",\"type\":\"string\",\"count\":0,\"scripted\":false,\"searchable\":true,\"aggregatable\":true,\"readFromDocValues\":true},{\"name\":\"contextMap.serviceInstanceId\",\"type\":\"string\",\"count\":0,\"scripted\":false,\"searchable\":true,\"aggregatable\":false,\"readFromDocValues\":false},{\"name\":\"contextMap.serviceInstanceId.keyword\",\"type\":\"string\",\"count\":0,\"scripted\":false,\"searchable\":true,\"aggregatable\":true,\"readFromDocValues\":true},{\"name\":\"contextMap.transactionId\",\"type\":\"string\",\"count\":0,\"scripted\":false,\"searchable\":true,\"aggregatable\":false,\"readFromDocValues\":false},{\"name\":\"contextMap.transactionId.keyword\",\"type\":\"string\",\"count\":0,\"scripted\":false,\"searchable\":true,\"aggregatable\":true,\"readFromDocValues\":true},{\"name\":\"crawler_start\",\"type\":\"date\",\"count\":0,\"scripted\":false,\"searchable\":true,\"aggregatable\":true,\"readFromDocValues\":true},{\"name\":\"daasServer.elapsed\",\"type\":\"number\",\"count\":0,\"scripted\":false,\"searchable\":true,\"aggregatable\":true,\"readFromDocValues\":true},{\"name\":\"daasServer.status\",\"type\":\"number\",\"count\":0,\"scripted\":false,\"searchable\":true,\"aggregatable\":true,\"readFromDocValues\":true},{\"name\":\"data\",\"type\":\"string\",\"count\":0,\"scripted\":false,\"searchable\":true,\"aggregatable\":false,\"readFromDocValues\":false},{\"name\":\"data.keyword\",\"type\":\"string\",\"count\":0,\"scripted\":false,\"searchable\":true,\"aggregatable\":true,\"readFromDocValues\":true},{\"name\":\"elapsedTime\",\"type\":\"number\",\"count\":0,\"scripted\":false,\"searchable\":true,\"aggregatable\":true,\"readFromDocValues\":true},{\"name\":\"endOfBatch\",\"type\":\"boolean\",\"count\":0,\"scripted\":false,\"searchable\":true,\"aggregatable\":true,\"readFromDocValues\":true},{\"name\":\"error\",\"type\":\"string\",\"count\":0,\"scripted\":false,\"searchable\":true,\"aggregatable\":false,\"readFromDocValues\":false},{\"name\":\"error.keyword\",\"type\":\"string\",\"count\":0,\"scripted\":false,\"searchable\":true,\"aggregatable\":true,\"readFromDocValues\":true},{\"name\":\"errorMessage\",\"type\":\"string\",\"count\":0,\"scripted\":false,\"searchable\":true,\"aggregatable\":false,\"readFromDocValues\":false},{\"name\":\"errorMessage.keyword\",\"type\":\"string\",\"count\":0,\"scripted\":false,\"searchable\":true,\"aggregatable\":true,\"readFromDocValues\":true},{\"name\":\"event\",\"type\":\"string\",\"count\":0,\"scripted\":false,\"searchable\":true,\"aggregatable\":false,\"readFromDocValues\":false},{\"name\":\"event.keyword\",\"type\":\"string\",\"count\":0,\"scripted\":false,\"searchable\":true,\"aggregatable\":true,\"readFromDocValues\":true},{\"name\":\"handler\",\"type\":\"string\",\"count\":0,\"scripted\":false,\"searchable\":true,\"aggregatable\":false,\"readFromDocValues\":false},{\"name\":\"handler.keyword\",\"type\":\"string\",\"count\":0,\"scripted\":false,\"searchable\":true,\"aggregatable\":true,\"readFromDocValues\":true},{\"name\":\"host\",\"type\":\"string\",\"count\":0,\"scripted\":false,\"searchable\":true,\"aggregatable\":false,\"readFromDocValues\":false},{\"name\":\"host.keyword\",\"type\":\"string\",\"count\":0,\"scripted\":false,\"searchable\":true,\"aggregatable\":true,\"readFromDocValues\":true},{\"name\":\"hostname\",\"type\":\"string\",\"count\":0,\"scripted\":false,\"searchable\":true,\"aggregatable\":false,\"readFromDocValues\":false},{\"name\":\"hostname.keyword\",\"type\":\"string\",\"count\":0,\"scripted\":false,\"searchable\":true,\"aggregatable\":true,\"readFromDocValues\":true},{\"name\":\"input_type\",\"type\":\"string\",\"count\":0,\"scripted\":false,\"searchable\":true,\"aggregatable\":false,\"readFromDocValues\":false},{\"name\":\"input_type.keyword\",\"type\":\"string\",\"count\":0,\"scripted\":false,\"searchable\":true,\"aggregatable\":true,\"readFromDocValues\":true},{\"name\":\"json_error\",\"type\":\"string\",\"count\":0,\"scripted\":false,\"searchable\":true,\"aggregatable\":false,\"readFromDocValues\":false},{\"name\":\"json_error.keyword\",\"type\":\"string\",\"count\":0,\"scripted\":false,\"searchable\":true,\"aggregatable\":true,\"readFromDocValues\":true},{\"name\":\"kubernetes.container_id\",\"type\":\"string\",\"count\":0,\"scripted\":false,\"searchable\":true,\"aggregatable\":false,\"readFromDocValues\":false},{\"name\":\"kubernetes.container_id.keyword\",\"type\":\"string\",\"count\":0,\"scripted\":false,\"searchable\":true,\"aggregatable\":true,\"readFromDocValues\":true},{\"name\":\"kubernetes.container_name\",\"type\":\"string\",\"count\":0,\"scripted\":false,\"searchable\":true,\"aggregatable\":false,\"readFromDocValues\":false},{\"name\":\"kubernetes.container_name.keyword\",\"type\":\"string\",\"count\":0,\"scripted\":false,\"searchable\":true,\"aggregatable\":true,\"readFromDocValues\":true},{\"name\":\"kubernetes.namespace\",\"type\":\"string\",\"count\":0,\"scripted\":false,\"searchable\":true,\"aggregatable\":false,\"readFromDocValues\":false},{\"name\":\"kubernetes.namespace.keyword\",\"type\":\"string\",\"count\":0,\"scripted\":false,\"searchable\":true,\"aggregatable\":true,\"readFromDocValues\":true},{\"name\":\"kubernetes.pod\",\"type\":\"string\",\"count\":1,\"scripted\":false,\"searchable\":true,\"aggregatable\":false,\"readFromDocValues\":false},{\"name\":\"kubernetes.pod.keyword\",\"type\":\"string\",\"count\":0,\"scripted\":false,\"searchable\":true,\"aggregatable\":true,\"readFromDocValues\":true},{\"name\":\"lastHealthCheck\",\"type\":\"number\",\"count\":0,\"scripted\":false,\"searchable\":true,\"aggregatable\":true,\"readFromDocValues\":true},{\"name\":\"latency\",\"type\":\"number\",\"count\":0,\"scripted\":false,\"searchable\":true,\"aggregatable\":true,\"readFromDocValues\":true},{\"name\":\"len(detailsInVersionObj)\",\"type\":\"number\",\"count\":0,\"scripted\":false,\"searchable\":true,\"aggregatable\":true,\"readFromDocValues\":true},{\"name\":\"len(detailsObj)\",\"type\":\"number\",\"count\":0,\"scripted\":false,\"searchable\":true,\"aggregatable\":true,\"readFromDocValues\":true},{\"name\":\"level\",\"type\":\"string\",\"count\":0,\"scripted\":false,\"searchable\":true,\"aggregatable\":false,\"readFromDocValues\":false},{\"name\":\"level.keyword\",\"type\":\"string\",\"count\":0,\"scripted\":false,\"searchable\":true,\"aggregatable\":true,\"readFromDocValues\":true},{\"name\":\"log\",\"type\":\"string\",\"count\":1,\"scripted\":false,\"searchable\":true,\"aggregatable\":false,\"readFromDocValues\":false},{\"name\":\"log.keyword\",\"type\":\"string\",\"count\":0,\"scripted\":false,\"searchable\":true,\"aggregatable\":true,\"readFromDocValues\":true},{\"name\":\"loggerFqcn\",\"type\":\"string\",\"count\":0,\"scripted\":false,\"searchable\":true,\"aggregatable\":false,\"readFromDocValues\":false},{\"name\":\"loggerFqcn.keyword\",\"type\":\"string\",\"count\":0,\"scripted\":false,\"searchable\":true,\"aggregatable\":true,\"readFromDocValues\":true},{\"name\":\"loggerName\",\"type\":\"string\",\"count\":0,\"scripted\":false,\"searchable\":true,\"aggregatable\":false,\"readFromDocValues\":false},{\"name\":\"loggerName.keyword\",\"type\":\"string\",\"count\":0,\"scripted\":false,\"searchable\":true,\"aggregatable\":true,\"readFromDocValues\":true},{\"name\":\"message\",\"type\":\"string\",\"count\":0,\"scripted\":false,\"searchable\":true,\"aggregatable\":false,\"readFromDocValues\":false},{\"name\":\"message.keyword\",\"type\":\"string\",\"count\":0,\"scripted\":false,\"searchable\":true,\"aggregatable\":true,\"readFromDocValues\":true},{\"name\":\"message_text\",\"type\":\"string\",\"count\":0,\"scripted\":false,\"searchable\":true,\"aggregatable\":false,\"readFromDocValues\":false},{\"name\":\"message_text.keyword\",\"type\":\"string\",\"count\":0,\"scripted\":false,\"searchable\":true,\"aggregatable\":true,\"readFromDocValues\":true},{\"name\":\"message_text_1\",\"type\":\"string\",\"count\":0,\"scripted\":false,\"searchable\":true,\"aggregatable\":false,\"readFromDocValues\":false},{\"name\":\"message_text_1.keyword\",\"type\":\"string\",\"count\":0,\"scripted\":false,\"searchable\":true,\"aggregatable\":true,\"readFromDocValues\":true},{\"name\":\"method\",\"type\":\"string\",\"count\":0,\"scripted\":false,\"searchable\":true,\"aggregatable\":false,\"readFromDocValues\":false},{\"name\":\"method.keyword\",\"type\":\"string\",\"count\":0,\"scripted\":false,\"searchable\":true,\"aggregatable\":true,\"readFromDocValues\":true},{\"name\":\"msg\",\"type\":\"string\",\"count\":0,\"scripted\":false,\"searchable\":true,\"aggregatable\":false,\"readFromDocValues\":false},{\"name\":\"msg.keyword\",\"type\":\"string\",\"count\":0,\"scripted\":false,\"searchable\":true,\"aggregatable\":true,\"readFromDocValues\":true},{\"name\":\"name\",\"type\":\"string\",\"count\":0,\"scripted\":false,\"searchable\":true,\"aggregatable\":false,\"readFromDocValues\":false},{\"name\":\"name.keyword\",\"type\":\"string\",\"count\":0,\"scripted\":false,\"searchable\":true,\"aggregatable\":true,\"readFromDocValues\":true},{\"name\":\"node.hostname\",\"type\":\"string\",\"count\":0,\"scripted\":false,\"searchable\":true,\"aggregatable\":false,\"readFromDocValues\":false},{\"name\":\"node.hostname.keyword\",\"type\":\"string\",\"count\":0,\"scripted\":false,\"searchable\":true,\"aggregatable\":true,\"readFromDocValues\":true},{\"name\":\"offset\",\"type\":\"number\",\"count\":0,\"scripted\":false,\"searchable\":true,\"aggregatable\":true,\"readFromDocValues\":true},{\"name\":\"ok\",\"type\":\"conflict\",\"count\":0,\"scripted\":false,\"searchable\":false,\"aggregatable\":false,\"readFromDocValues\":false,\"conflictDescriptions\":{\"boolean\":[\"logstash-2019.01.07\"],\"long\":[\"logstash-2019.01.04\"]}},{\"name\":\"ok1\",\"type\":\"boolean\",\"count\":0,\"scripted\":false,\"searchable\":true,\"aggregatable\":true,\"readFromDocValues\":true},{\"name\":\"originalTransactionId\",\"type\":\"string\",\"count\":0,\"scripted\":false,\"searchable\":true,\"aggregatable\":false,\"readFromDocValues\":false},{\"name\":\"originalTransactionId.keyword\",\"type\":\"string\",\"count\":0,\"scripted\":false,\"searchable\":true,\"aggregatable\":true,\"readFromDocValues\":true},{\"name\":\"params.Abstract\",\"type\":\"string\",\"count\":0,\"scripted\":false,\"searchable\":true,\"aggregatable\":false,\"readFromDocValues\":false},{\"name\":\"params.Abstract.keyword\",\"type\":\"string\",\"count\":0,\"scripted\":false,\"searchable\":true,\"aggregatable\":true,\"readFromDocValues\":true},{\"name\":\"params.AssignedTo\",\"type\":\"string\",\"count\":0,\"scripted\":false,\"searchable\":true,\"aggregatable\":false,\"readFromDocValues\":false},{\"name\":\"params.AssignedTo.keyword\",\"type\":\"string\",\"count\":0,\"scripted\":false,\"searchable\":true,\"aggregatable\":true,\"readFromDocValues\":true},{\"name\":\"params.DataIntent\",\"type\":\"string\",\"count\":0,\"scripted\":false,\"searchable\":true,\"aggregatable\":false,\"readFromDocValues\":false},{\"name\":\"params.DataIntent.keyword\",\"type\":\"string\",\"count\":0,\"scripted\":false,\"searchable\":true,\"aggregatable\":true,\"readFromDocValues\":true},{\"name\":\"params.DataObj.DataSource.DataSourcetype\",\"type\":\"string\",\"count\":0,\"scripted\":false,\"searchable\":true,\"aggregatable\":false,\"readFromDocValues\":false},{\"name\":\"params.DataObj.DataSource.DataSourcetype.keyword\",\"type\":\"string\",\"count\":0,\"scripted\":false,\"searchable\":true,\"aggregatable\":true,\"readFromDocValues\":true},{\"name\":\"params.DataObj.DataSource.Description\",\"type\":\"string\",\"count\":0,\"scripted\":false,\"searchable\":true,\"aggregatable\":false,\"readFromDocValues\":false},{\"name\":\"params.DataObj.DataSource.Description.keyword\",\"type\":\"string\",\"count\":0,\"scripted\":false,\"searchable\":true,\"aggregatable\":true,\"readFromDocValues\":true},{\"name\":\"params.DataObj.DataSource.DriverClassName\",\"type\":\"string\",\"count\":0,\"scripted\":false,\"searchable\":true,\"aggregatable\":false,\"readFromDocValues\":false},{\"name\":\"params.DataObj.DataSource.DriverClassName.keyword\",\"type\":\"string\",\"count\":0,\"scripted\":false,\"searchable\":true,\"aggregatable\":true,\"readFromDocValues\":true},{\"name\":\"params.DataObj.DataSource.Host\",\"type\":\"string\",\"count\":0,\"scripted\":false,\"searchable\":true,\"aggregatable\":false,\"readFromDocValues\":false},{\"name\":\"params.DataObj.DataSource.Host.keyword\",\"type\":\"string\",\"count\":0,\"scripted\":false,\"searchable\":true,\"aggregatable\":true,\"readFromDocValues\":true},{\"name\":\"params.DataObj.DataSource.LivyURL\",\"type\":\"string\",\"count\":0,\"scripted\":false,\"searchable\":true,\"aggregatable\":false,\"readFromDocValues\":false},{\"name\":\"params.DataObj.DataSource.LivyURL.keyword\",\"type\":\"string\",\"count\":0,\"scripted\":false,\"searchable\":true,\"aggregatable\":true,\"readFromDocValues\":true},{\"name\":\"params.DataObj.DataSource.Name\",\"type\":\"string\",\"count\":0,\"scripted\":false,\"searchable\":true,\"aggregatable\":false,\"readFromDocValues\":false},{\"name\":\"params.DataObj.DataSource.Name.keyword\",\"type\":\"string\",\"count\":0,\"scripted\":false,\"searchable\":true,\"aggregatable\":true,\"readFromDocValues\":true},{\"name\":\"params.DataObj.DataSource.Password\",\"type\":\"string\",\"count\":0,\"scripted\":false,\"searchable\":true,\"aggregatable\":false,\"readFromDocValues\":false},{\"name\":\"params.DataObj.DataSource.Password.keyword\",\"type\":\"string\",\"count\":0,\"scripted\":false,\"searchable\":true,\"aggregatable\":true,\"readFromDocValues\":true},{\"name\":\"params.DataObj.DataSource.Port\",\"type\":\"number\",\"count\":0,\"scripted\":false,\"searchable\":true,\"aggregatable\":true,\"readFromDocValues\":true},{\"name\":\"params.DataObj.DataSource.Shared\",\"type\":\"boolean\",\"count\":0,\"scripted\":false,\"searchable\":true,\"aggregatable\":true,\"readFromDocValues\":true},{\"name\":\"params.DataObj.DataSource.URL\",\"type\":\"string\",\"count\":0,\"scripted\":false,\"searchable\":true,\"aggregatable\":false,\"readFromDocValues\":false},{\"name\":\"params.DataObj.DataSource.URL.keyword\",\"type\":\"string\",\"count\":0,\"scripted\":false,\"searchable\":true,\"aggregatable\":true,\"readFromDocValues\":true},{\"name\":\"params.DataObj.DataSource.User\",\"type\":\"string\",\"count\":0,\"scripted\":false,\"searchable\":true,\"aggregatable\":false,\"readFromDocValues\":false},{\"name\":\"params.DataObj.DataSource.User.keyword\",\"type\":\"string\",\"count\":0,\"scripted\":false,\"searchable\":true,\"aggregatable\":true,\"readFromDocValues\":true},{\"name\":\"params.DataObj.DataSource.WebHCatURL\",\"type\":\"string\",\"count\":0,\"scripted\":false,\"searchable\":true,\"aggregatable\":false,\"readFromDocValues\":false},{\"name\":\"params.DataObj.DataSource.WebHCatURL.keyword\",\"type\":\"string\",\"count\":0,\"scripted\":false,\"searchable\":true,\"aggregatable\":true,\"readFromDocValues\":true},{\"name\":\"params.DataObj.DataSource.WebHDFSURL\",\"type\":\"string\",\"count\":0,\"scripted\":false,\"searchable\":true,\"aggregatable\":false,\"readFromDocValues\":false},{\"name\":\"params.DataObj.DataSource.WebHDFSURL.keyword\",\"type\":\"string\",\"count\":0,\"scripted\":false,\"searchable\":true,\"aggregatable\":true,\"readFromDocValues\":true},{\"name\":\"params.Deadline\",\"type\":\"string\",\"count\":0,\"scripted\":false,\"searchable\":true,\"aggregatable\":false,\"readFromDocValues\":false},{\"name\":\"params.Deadline.keyword\",\"type\":\"string\",\"count\":0,\"scripted\":false,\"searchable\":true,\"aggregatable\":true,\"readFromDocValues\":true},{\"name\":\"params.Id\",\"type\":\"number\",\"count\":0,\"scripted\":false,\"searchable\":true,\"aggregatable\":true,\"readFromDocValues\":true},{\"name\":\"params.IssueLink\",\"type\":\"string\",\"count\":0,\"scripted\":false,\"searchable\":true,\"aggregatable\":false,\"readFromDocValues\":false},{\"name\":\"params.IssueLink.keyword\",\"type\":\"string\",\"count\":0,\"scripted\":false,\"searchable\":true,\"aggregatable\":true,\"readFromDocValues\":true},{\"name\":\"params.LastModifiedTime\",\"type\":\"date\",\"count\":0,\"scripted\":false,\"searchable\":true,\"aggregatable\":true,\"readFromDocValues\":true},{\"name\":\"params.Project\",\"type\":\"string\",\"count\":0,\"scripted\":false,\"searchable\":true,\"aggregatable\":false,\"readFromDocValues\":false},{\"name\":\"params.Project.keyword\",\"type\":\"string\",\"count\":0,\"scripted\":false,\"searchable\":true,\"aggregatable\":true,\"readFromDocValues\":true},{\"name\":\"params.RequestedBy\",\"type\":\"string\",\"count\":0,\"scripted\":false,\"searchable\":true,\"aggregatable\":false,\"readFromDocValues\":false},{\"name\":\"params.RequestedBy.keyword\",\"type\":\"string\",\"count\":0,\"scripted\":false,\"searchable\":true,\"aggregatable\":true,\"readFromDocValues\":true},{\"name\":\"params.State\",\"type\":\"string\",\"count\":0,\"scripted\":false,\"searchable\":true,\"aggregatable\":false,\"readFromDocValues\":false},{\"name\":\"params.State.keyword\",\"type\":\"string\",\"count\":0,\"scripted\":false,\"searchable\":true,\"aggregatable\":true,\"readFromDocValues\":true},{\"name\":\"params.Title\",\"type\":\"string\",\"count\":0,\"scripted\":false,\"searchable\":true,\"aggregatable\":false,\"readFromDocValues\":false},{\"name\":\"params.Title.keyword\",\"type\":\"string\",\"count\":0,\"scripted\":false,\"searchable\":true,\"aggregatable\":true,\"readFromDocValues\":true},{\"name\":\"params.UID\",\"type\":\"string\",\"count\":0,\"scripted\":false,\"searchable\":true,\"aggregatable\":false,\"readFromDocValues\":false},{\"name\":\"params.UID.keyword\",\"type\":\"string\",\"count\":0,\"scripted\":false,\"searchable\":true,\"aggregatable\":true,\"readFromDocValues\":true},{\"name\":\"path\",\"type\":\"string\",\"count\":0,\"scripted\":false,\"searchable\":true,\"aggregatable\":false,\"readFromDocValues\":false},{\"name\":\"path.keyword\",\"type\":\"string\",\"count\":0,\"scripted\":false,\"searchable\":true,\"aggregatable\":true,\"readFromDocValues\":true},{\"name\":\"persist.elapsed\",\"type\":\"number\",\"count\":0,\"scripted\":false,\"searchable\":true,\"aggregatable\":true,\"readFromDocValues\":true},{\"name\":\"persist.status\",\"type\":\"number\",\"count\":0,\"scripted\":false,\"searchable\":true,\"aggregatable\":true,\"readFromDocValues\":true},{\"name\":\"pid\",\"type\":\"number\",\"count\":0,\"scripted\":false,\"searchable\":true,\"aggregatable\":true,\"readFromDocValues\":true},{\"name\":\"pod.ip\",\"type\":\"string\",\"count\":0,\"scripted\":false,\"searchable\":true,\"aggregatable\":false,\"readFromDocValues\":false},{\"name\":\"pod.ip.keyword\",\"type\":\"string\",\"count\":0,\"scripted\":false,\"searchable\":true,\"aggregatable\":true,\"readFromDocValues\":true},{\"name\":\"port\",\"type\":\"string\",\"count\":0,\"scripted\":false,\"searchable\":true,\"aggregatable\":false,\"readFromDocValues\":false},{\"name\":\"port.keyword\",\"type\":\"string\",\"count\":0,\"scripted\":false,\"searchable\":true,\"aggregatable\":true,\"readFromDocValues\":true},{\"name\":\"prefix\",\"type\":\"string\",\"count\":0,\"scripted\":false,\"searchable\":true,\"aggregatable\":false,\"readFromDocValues\":false},{\"name\":\"prefix.keyword\",\"type\":\"string\",\"count\":0,\"scripted\":false,\"searchable\":true,\"aggregatable\":true,\"readFromDocValues\":true},{\"name\":\"prevMsg\",\"type\":\"string\",\"count\":0,\"scripted\":false,\"searchable\":true,\"aggregatable\":false,\"readFromDocValues\":false},{\"name\":\"prevMsg.keyword\",\"type\":\"string\",\"count\":0,\"scripted\":false,\"searchable\":true,\"aggregatable\":true,\"readFromDocValues\":true},{\"name\":\"prevState\",\"type\":\"string\",\"count\":0,\"scripted\":false,\"searchable\":true,\"aggregatable\":false,\"readFromDocValues\":false},{\"name\":\"prevState.keyword\",\"type\":\"string\",\"count\":0,\"scripted\":false,\"searchable\":true,\"aggregatable\":true,\"readFromDocValues\":true},{\"name\":\"req-id\",\"type\":\"string\",\"count\":0,\"scripted\":false,\"searchable\":true,\"aggregatable\":false,\"readFromDocValues\":false},{\"name\":\"req-id.keyword\",\"type\":\"string\",\"count\":0,\"scripted\":false,\"searchable\":true,\"aggregatable\":true,\"readFromDocValues\":true},{\"name\":\"req.headers.accept\",\"type\":\"string\",\"count\":0,\"scripted\":false,\"searchable\":true,\"aggregatable\":false,\"readFromDocValues\":false},{\"name\":\"req.headers.accept-encoding\",\"type\":\"string\",\"count\":0,\"scripted\":false,\"searchable\":true,\"aggregatable\":false,\"readFromDocValues\":false},{\"name\":\"req.headers.accept-encoding.keyword\",\"type\":\"string\",\"count\":0,\"scripted\":false,\"searchable\":true,\"aggregatable\":true,\"readFromDocValues\":true},{\"name\":\"req.headers.accept-language\",\"type\":\"string\",\"count\":0,\"scripted\":false,\"searchable\":true,\"aggregatable\":false,\"readFromDocValues\":false},{\"name\":\"req.headers.accept-language.keyword\",\"type\":\"string\",\"count\":0,\"scripted\":false,\"searchable\":true,\"aggregatable\":true,\"readFromDocValues\":true},{\"name\":\"req.headers.accept.keyword\",\"type\":\"string\",\"count\":0,\"scripted\":false,\"searchable\":true,\"aggregatable\":true,\"readFromDocValues\":true},{\"name\":\"req.headers.connection\",\"type\":\"string\",\"count\":0,\"scripted\":false,\"searchable\":true,\"aggregatable\":false,\"readFromDocValues\":false},{\"name\":\"req.headers.connection.keyword\",\"type\":\"string\",\"count\":0,\"scripted\":false,\"searchable\":true,\"aggregatable\":true,\"readFromDocValues\":true},{\"name\":\"req.headers.content-length\",\"type\":\"string\",\"count\":0,\"scripted\":false,\"searchable\":true,\"aggregatable\":false,\"readFromDocValues\":false},{\"name\":\"req.headers.content-length.keyword\",\"type\":\"string\",\"count\":0,\"scripted\":false,\"searchable\":true,\"aggregatable\":true,\"readFromDocValues\":true},{\"name\":\"req.headers.content-type\",\"type\":\"string\",\"count\":0,\"scripted\":false,\"searchable\":true,\"aggregatable\":false,\"readFromDocValues\":false},{\"name\":\"req.headers.content-type.keyword\",\"type\":\"string\",\"count\":0,\"scripted\":false,\"searchable\":true,\"aggregatable\":true,\"readFromDocValues\":true},{\"name\":\"req.headers.host\",\"type\":\"string\",\"count\":0,\"scripted\":false,\"searchable\":true,\"aggregatable\":false,\"readFromDocValues\":false},{\"name\":\"req.headers.host.keyword\",\"type\":\"string\",\"count\":0,\"scripted\":false,\"searchable\":true,\"aggregatable\":true,\"readFromDocValues\":true},{\"name\":\"req.headers.kbn-version\",\"type\":\"string\",\"count\":0,\"scripted\":false,\"searchable\":true,\"aggregatable\":false,\"readFromDocValues\":false},{\"name\":\"req.headers.kbn-version.keyword\",\"type\":\"string\",\"count\":0,\"scripted\":false,\"searchable\":true,\"aggregatable\":true,\"readFromDocValues\":true},{\"name\":\"req.headers.referer\",\"type\":\"string\",\"count\":0,\"scripted\":false,\"searchable\":true,\"aggregatable\":false,\"readFromDocValues\":false},{\"name\":\"req.headers.referer.keyword\",\"type\":\"string\",\"count\":0,\"scripted\":false,\"searchable\":true,\"aggregatable\":true,\"readFromDocValues\":true},{\"name\":\"req.headers.upgrade-insecure-requests\",\"type\":\"string\",\"count\":0,\"scripted\":false,\"searchable\":true,\"aggregatable\":false,\"readFromDocValues\":false},{\"name\":\"req.headers.upgrade-insecure-requests.keyword\",\"type\":\"string\",\"count\":0,\"scripted\":false,\"searchable\":true,\"aggregatable\":true,\"readFromDocValues\":true},{\"name\":\"req.headers.user-agent\",\"type\":\"string\",\"count\":0,\"scripted\":false,\"searchable\":true,\"aggregatable\":false,\"readFromDocValues\":false},{\"name\":\"req.headers.user-agent.keyword\",\"type\":\"string\",\"count\":0,\"scripted\":false,\"searchable\":true,\"aggregatable\":true,\"readFromDocValues\":true},{\"name\":\"req.headers.x-forwarded-for\",\"type\":\"string\",\"count\":0,\"scripted\":false,\"searchable\":true,\"aggregatable\":false,\"readFromDocValues\":false},{\"name\":\"req.headers.x-forwarded-for.keyword\",\"type\":\"string\",\"count\":0,\"scripted\":false,\"searchable\":true,\"aggregatable\":true,\"readFromDocValues\":true},{\"name\":\"req.headers.x-forwarded-host\",\"type\":\"string\",\"count\":0,\"scripted\":false,\"searchable\":true,\"aggregatable\":false,\"readFromDocValues\":false},{\"name\":\"req.headers.x-forwarded-host.keyword\",\"type\":\"string\",\"count\":0,\"scripted\":false,\"searchable\":true,\"aggregatable\":true,\"readFromDocValues\":true},{\"name\":\"req.headers.x-forwarded-proto\",\"type\":\"string\",\"count\":0,\"scripted\":false,\"searchable\":true,\"aggregatable\":false,\"readFromDocValues\":false},{\"name\":\"req.headers.x-forwarded-proto.keyword\",\"type\":\"string\",\"count\":0,\"scripted\":false,\"searchable\":true,\"aggregatable\":true,\"readFromDocValues\":true},{\"name\":\"req.headers.x-original-uri\",\"type\":\"string\",\"count\":0,\"scripted\":false,\"searchable\":true,\"aggregatable\":false,\"readFromDocValues\":false},{\"name\":\"req.headers.x-original-uri.keyword\",\"type\":\"string\",\"count\":0,\"scripted\":false,\"searchable\":true,\"aggregatable\":true,\"readFromDocValues\":true},{\"name\":\"req.headers.x-real-ip\",\"type\":\"string\",\"count\":0,\"scripted\":false,\"searchable\":true,\"aggregatable\":false,\"readFromDocValues\":false},{\"name\":\"req.headers.x-real-ip.keyword\",\"type\":\"string\",\"count\":0,\"scripted\":false,\"searchable\":true,\"aggregatable\":true,\"readFromDocValues\":true},{\"name\":\"req.headers.x-requested-with\",\"type\":\"string\",\"count\":0,\"scripted\":false,\"searchable\":true,\"aggregatable\":false,\"readFromDocValues\":false},{\"name\":\"req.headers.x-requested-with.keyword\",\"type\":\"string\",\"count\":0,\"scripted\":false,\"searchable\":true,\"aggregatable\":true,\"readFromDocValues\":true},{\"name\":\"req.headers.x-scheme\",\"type\":\"string\",\"count\":0,\"scripted\":false,\"searchable\":true,\"aggregatable\":false,\"readFromDocValues\":false},{\"name\":\"req.headers.x-scheme.keyword\",\"type\":\"string\",\"count\":0,\"scripted\":false,\"searchable\":true,\"aggregatable\":true,\"readFromDocValues\":true},{\"name\":\"req.method\",\"type\":\"string\",\"count\":0,\"scripted\":false,\"searchable\":true,\"aggregatable\":false,\"readFromDocValues\":false},{\"name\":\"req.method.keyword\",\"type\":\"string\",\"count\":0,\"scripted\":false,\"searchable\":true,\"aggregatable\":true,\"readFromDocValues\":true},{\"name\":\"req.referer\",\"type\":\"string\",\"count\":0,\"scripted\":false,\"searchable\":true,\"aggregatable\":false,\"readFromDocValues\":false},{\"name\":\"req.referer.keyword\",\"type\":\"string\",\"count\":0,\"scripted\":false,\"searchable\":true,\"aggregatable\":true,\"readFromDocValues\":true},{\"name\":\"req.remoteAddress\",\"type\":\"string\",\"count\":0,\"scripted\":false,\"searchable\":true,\"aggregatable\":false,\"readFromDocValues\":false},{\"name\":\"req.remoteAddress.keyword\",\"type\":\"string\",\"count\":0,\"scripted\":false,\"searchable\":true,\"aggregatable\":true,\"readFromDocValues\":true},{\"name\":\"req.url\",\"type\":\"string\",\"count\":0,\"scripted\":false,\"searchable\":true,\"aggregatable\":false,\"readFromDocValues\":false},{\"name\":\"req.url.keyword\",\"type\":\"string\",\"count\":0,\"scripted\":false,\"searchable\":true,\"aggregatable\":true,\"readFromDocValues\":true},{\"name\":\"req.userAgent\",\"type\":\"string\",\"count\":0,\"scripted\":false,\"searchable\":true,\"aggregatable\":false,\"readFromDocValues\":false},{\"name\":\"req.userAgent.keyword\",\"type\":\"string\",\"count\":0,\"scripted\":false,\"searchable\":true,\"aggregatable\":true,\"readFromDocValues\":true},{\"name\":\"res.contentLength\",\"type\":\"number\",\"count\":0,\"scripted\":false,\"searchable\":true,\"aggregatable\":true,\"readFromDocValues\":true},{\"name\":\"res.responseTime\",\"type\":\"number\",\"count\":0,\"scripted\":false,\"searchable\":true,\"aggregatable\":true,\"readFromDocValues\":true},{\"name\":\"res.statusCode\",\"type\":\"number\",\"count\":0,\"scripted\":false,\"searchable\":true,\"aggregatable\":true,\"readFromDocValues\":true},{\"name\":\"resp\",\"type\":\"string\",\"count\":0,\"scripted\":false,\"searchable\":true,\"aggregatable\":false,\"readFromDocValues\":false},{\"name\":\"resp.keyword\",\"type\":\"string\",\"count\":0,\"scripted\":false,\"searchable\":true,\"aggregatable\":true,\"readFromDocValues\":true},{\"name\":\"responsetime\",\"type\":\"number\",\"count\":0,\"scripted\":false,\"searchable\":true,\"aggregatable\":true,\"readFromDocValues\":true},{\"name\":\"results.statement_id\",\"type\":\"number\",\"count\":0,\"scripted\":false,\"searchable\":true,\"aggregatable\":true,\"readFromDocValues\":true},{\"name\":\"retry number\",\"type\":\"number\",\"count\":0,\"scripted\":false,\"searchable\":true,\"aggregatable\":true,\"readFromDocValues\":true},{\"name\":\"revision\",\"type\":\"string\",\"count\":0,\"scripted\":false,\"searchable\":true,\"aggregatable\":false,\"readFromDocValues\":false},{\"name\":\"revision.keyword\",\"type\":\"string\",\"count\":0,\"scripted\":false,\"searchable\":true,\"aggregatable\":true,\"readFromDocValues\":true},{\"name\":\"rows\",\"type\":\"string\",\"count\":0,\"scripted\":false,\"searchable\":true,\"aggregatable\":false,\"readFromDocValues\":false},{\"name\":\"rows.keyword\",\"type\":\"string\",\"count\":0,\"scripted\":false,\"searchable\":true,\"aggregatable\":true,\"readFromDocValues\":true},{\"name\":\"serverURL\",\"type\":\"string\",\"count\":0,\"scripted\":false,\"searchable\":true,\"aggregatable\":false,\"readFromDocValues\":false},{\"name\":\"serverURL.keyword\",\"type\":\"string\",\"count\":0,\"scripted\":false,\"searchable\":true,\"aggregatable\":true,\"readFromDocValues\":true},{\"name\":\"serviceInstanceId\",\"type\":\"string\",\"count\":0,\"scripted\":false,\"searchable\":true,\"aggregatable\":false,\"readFromDocValues\":false},{\"name\":\"serviceInstanceId.keyword\",\"type\":\"string\",\"count\":0,\"scripted\":false,\"searchable\":true,\"aggregatable\":true,\"readFromDocValues\":true},{\"name\":\"session.elapsed\",\"type\":\"number\",\"count\":0,\"scripted\":false,\"searchable\":true,\"aggregatable\":true,\"readFromDocValues\":true},{\"name\":\"session.status\",\"type\":\"number\",\"count\":0,\"scripted\":false,\"searchable\":true,\"aggregatable\":true,\"readFromDocValues\":true},{\"name\":\"source\",\"type\":\"string\",\"count\":0,\"scripted\":false,\"searchable\":true,\"aggregatable\":false,\"readFromDocValues\":false},{\"name\":\"source.keyword\",\"type\":\"string\",\"count\":0,\"scripted\":false,\"searchable\":true,\"aggregatable\":true,\"readFromDocValues\":true},{\"name\":\"stack\",\"type\":\"string\",\"count\":0,\"scripted\":false,\"searchable\":true,\"aggregatable\":false,\"readFromDocValues\":false},{\"name\":\"stack.keyword\",\"type\":\"string\",\"count\":0,\"scripted\":false,\"searchable\":true,\"aggregatable\":true,\"readFromDocValues\":true},{\"name\":\"state\",\"type\":\"string\",\"count\":0,\"scripted\":false,\"searchable\":true,\"aggregatable\":false,\"readFromDocValues\":false},{\"name\":\"state.keyword\",\"type\":\"string\",\"count\":0,\"scripted\":false,\"searchable\":true,\"aggregatable\":true,\"readFromDocValues\":true},{\"name\":\"statusCode\",\"type\":\"number\",\"count\":0,\"scripted\":false,\"searchable\":true,\"aggregatable\":true,\"readFromDocValues\":true},{\"name\":\"status_code\",\"type\":\"number\",\"count\":0,\"scripted\":false,\"searchable\":true,\"aggregatable\":true,\"readFromDocValues\":true},{\"name\":\"stream\",\"type\":\"string\",\"count\":0,\"scripted\":false,\"searchable\":true,\"aggregatable\":false,\"readFromDocValues\":false},{\"name\":\"stream.keyword\",\"type\":\"string\",\"count\":0,\"scripted\":false,\"searchable\":true,\"aggregatable\":true,\"readFromDocValues\":true},{\"name\":\"tags\",\"type\":\"string\",\"count\":0,\"scripted\":false,\"searchable\":true,\"aggregatable\":false,\"readFromDocValues\":false},{\"name\":\"tags.keyword\",\"type\":\"string\",\"count\":0,\"scripted\":false,\"searchable\":true,\"aggregatable\":true,\"readFromDocValues\":true},{\"name\":\"targetMethod\",\"type\":\"string\",\"count\":0,\"scripted\":false,\"searchable\":true,\"aggregatable\":false,\"readFromDocValues\":false},{\"name\":\"targetMethod.keyword\",\"type\":\"string\",\"count\":0,\"scripted\":false,\"searchable\":true,\"aggregatable\":true,\"readFromDocValues\":true},{\"name\":\"targetUri\",\"type\":\"string\",\"count\":0,\"scripted\":false,\"searchable\":true,\"aggregatable\":false,\"readFromDocValues\":false},{\"name\":\"targetUri.keyword\",\"type\":\"string\",\"count\":0,\"scripted\":false,\"searchable\":true,\"aggregatable\":true,\"readFromDocValues\":true},{\"name\":\"thread\",\"type\":\"string\",\"count\":0,\"scripted\":false,\"searchable\":true,\"aggregatable\":false,\"readFromDocValues\":false},{\"name\":\"thread.keyword\",\"type\":\"string\",\"count\":0,\"scripted\":false,\"searchable\":true,\"aggregatable\":true,\"readFromDocValues\":true},{\"name\":\"threadId\",\"type\":\"number\",\"count\":0,\"scripted\":false,\"searchable\":true,\"aggregatable\":true,\"readFromDocValues\":true},{\"name\":\"threadPriority\",\"type\":\"number\",\"count\":0,\"scripted\":false,\"searchable\":true,\"aggregatable\":true,\"readFromDocValues\":true},{\"name\":\"thrown.commonElementCount\",\"type\":\"number\",\"count\":0,\"scripted\":false,\"searchable\":true,\"aggregatable\":true,\"readFromDocValues\":true},{\"name\":\"thrown.extendedStackTrace.class\",\"type\":\"string\",\"count\":0,\"scripted\":false,\"searchable\":true,\"aggregatable\":false,\"readFromDocValues\":false},{\"name\":\"thrown.extendedStackTrace.class.keyword\",\"type\":\"string\",\"count\":0,\"scripted\":false,\"searchable\":true,\"aggregatable\":true,\"readFromDocValues\":true},{\"name\":\"thrown.extendedStackTrace.exact\",\"type\":\"boolean\",\"count\":0,\"scripted\":false,\"searchable\":true,\"aggregatable\":true,\"readFromDocValues\":true},{\"name\":\"thrown.extendedStackTrace.file\",\"type\":\"string\",\"count\":0,\"scripted\":false,\"searchable\":true,\"aggregatable\":false,\"readFromDocValues\":false},{\"name\":\"thrown.extendedStackTrace.file.keyword\",\"type\":\"string\",\"count\":0,\"scripted\":false,\"searchable\":true,\"aggregatable\":true,\"readFromDocValues\":true},{\"name\":\"thrown.extendedStackTrace.line\",\"type\":\"number\",\"count\":0,\"scripted\":false,\"searchable\":true,\"aggregatable\":true,\"readFromDocValues\":true},{\"name\":\"thrown.extendedStackTrace.location\",\"type\":\"string\",\"count\":0,\"scripted\":false,\"searchable\":true,\"aggregatable\":false,\"readFromDocValues\":false},{\"name\":\"thrown.extendedStackTrace.location.keyword\",\"type\":\"string\",\"count\":0,\"scripted\":false,\"searchable\":true,\"aggregatable\":true,\"readFromDocValues\":true},{\"name\":\"thrown.extendedStackTrace.method\",\"type\":\"string\",\"count\":0,\"scripted\":false,\"searchable\":true,\"aggregatable\":false,\"readFromDocValues\":false},{\"name\":\"thrown.extendedStackTrace.method.keyword\",\"type\":\"string\",\"count\":0,\"scripted\":false,\"searchable\":true,\"aggregatable\":true,\"readFromDocValues\":true},{\"name\":\"thrown.extendedStackTrace.version\",\"type\":\"string\",\"count\":0,\"scripted\":false,\"searchable\":true,\"aggregatable\":false,\"readFromDocValues\":false},{\"name\":\"thrown.extendedStackTrace.version.keyword\",\"type\":\"string\",\"count\":0,\"scripted\":false,\"searchable\":true,\"aggregatable\":true,\"readFromDocValues\":true},{\"name\":\"thrown.localizedMessage\",\"type\":\"string\",\"count\":0,\"scripted\":false,\"searchable\":true,\"aggregatable\":false,\"readFromDocValues\":false},{\"name\":\"thrown.localizedMessage.keyword\",\"type\":\"string\",\"count\":0,\"scripted\":false,\"searchable\":true,\"aggregatable\":true,\"readFromDocValues\":true},{\"name\":\"thrown.message\",\"type\":\"string\",\"count\":0,\"scripted\":false,\"searchable\":true,\"aggregatable\":false,\"readFromDocValues\":false},{\"name\":\"thrown.message.keyword\",\"type\":\"string\",\"count\":0,\"scripted\":false,\"searchable\":true,\"aggregatable\":true,\"readFromDocValues\":true},{\"name\":\"thrown.name\",\"type\":\"string\",\"count\":0,\"scripted\":false,\"searchable\":true,\"aggregatable\":false,\"readFromDocValues\":false},{\"name\":\"thrown.name.keyword\",\"type\":\"string\",\"count\":0,\"scripted\":false,\"searchable\":true,\"aggregatable\":true,\"readFromDocValues\":true},{\"name\":\"time\",\"type\":\"date\",\"count\":0,\"scripted\":false,\"searchable\":true,\"aggregatable\":true,\"readFromDocValues\":true},{\"name\":\"timeMillis\",\"type\":\"number\",\"count\":0,\"scripted\":false,\"searchable\":true,\"aggregatable\":true,\"readFromDocValues\":true},{\"name\":\"transactionId\",\"type\":\"string\",\"count\":0,\"scripted\":false,\"searchable\":true,\"aggregatable\":false,\"readFromDocValues\":false},{\"name\":\"transactionId.keyword\",\"type\":\"string\",\"count\":0,\"scripted\":false,\"searchable\":true,\"aggregatable\":true,\"readFromDocValues\":true},{\"name\":\"ts\",\"type\":\"conflict\",\"count\":0,\"scripted\":false,\"searchable\":false,\"aggregatable\":false,\"readFromDocValues\":false,\"conflictDescriptions\":{\"date\":[\"logstash-2019.01.04\",\"logstash-2019.01.05\",\"logstash-2019.01.07\",\"logstash-2019.01.08\",\"logstash-2019.01.09\",\"logstash-2019.01.10\"],\"float\":[\"logstash-2019.01.06\"]}},{\"name\":\"type\",\"type\":\"string\",\"count\":2,\"scripted\":false,\"searchable\":true,\"aggregatable\":false,\"readFromDocValues\":false},{\"name\":\"type.keyword\",\"type\":\"string\",\"count\":0,\"scripted\":false,\"searchable\":true,\"aggregatable\":true,\"readFromDocValues\":true},{\"name\":\"url\",\"type\":\"string\",\"count\":0,\"scripted\":false,\"searchable\":true,\"aggregatable\":false,\"readFromDocValues\":false},{\"name\":\"url.keyword\",\"type\":\"string\",\"count\":0,\"scripted\":false,\"searchable\":true,\"aggregatable\":true,\"readFromDocValues\":true},{\"name\":\"user\",\"type\":\"string\",\"count\":0,\"scripted\":false,\"searchable\":true,\"aggregatable\":false,\"readFromDocValues\":false},{\"name\":\"user.keyword\",\"type\":\"string\",\"count\":0,\"scripted\":false,\"searchable\":true,\"aggregatable\":true,\"readFromDocValues\":true},{\"name\":\"user_agent\",\"type\":\"string\",\"count\":0,\"scripted\":false,\"searchable\":true,\"aggregatable\":false,\"readFromDocValues\":false},{\"name\":\"user_agent.keyword\",\"type\":\"string\",\"count\":0,\"scripted\":false,\"searchable\":true,\"aggregatable\":true,\"readFromDocValues\":true},{\"name\":\"v\",\"type\":\"number\",\"count\":0,\"scripted\":false,\"searchable\":true,\"aggregatable\":true,\"readFromDocValues\":true},{\"name\":\"version\",\"type\":\"string\",\"count\":0,\"scripted\":false,\"searchable\":true,\"aggregatable\":false,\"readFromDocValues\":false},{\"name\":\"version.keyword\",\"type\":\"string\",\"count\":0,\"scripted\":false,\"searchable\":true,\"aggregatable\":true,\"readFromDocValues\":true}]"
      }
    },
    {
      "id": "0ec7b130-ec35-11e8-9dce-6d12537c345f",
      "type": "search",
      "version": 3,
      "attributes": {
        "title": "log",
        "description": "",
        "hits": 0,
        "columns": [
          "_source"
        ],
        "sort": [
          "@timestamp",
          "desc"
        ],
        "version": 1,
        "kibanaSavedObjectMeta": {
          "searchSourceJSON": "{\"index\":\"logstash-*\",\"highlightAll\":true,\"version\":true,\"filter\":[{\"meta\":{\"index\":\"logstash-*\",\"negate\":false,\"disabled\":false,\"alias\":null,\"type\":\"exists\",\"key\":\"log\",\"value\":\"exists\"},\"exists\":{\"field\":\"log\"},\"$state\":{\"store\":\"appState\"}},{\"meta\":{\"index\":\"logstash-*\",\"negate\":false,\"disabled\":false,\"alias\":null,\"type\":\"phrase\",\"key\":\"kubernetes.namespace\",\"value\":\"zen\"},\"query\":{\"match\":{\"kubernetes.namespace\":{\"query\":\"zen\",\"type\":\"phrase\"}}},\"$state\":{\"store\":\"appState\"}}],\"query\":{\"query_string\":{\"query\":\"*\",\"analyze_wildcard\":true}}}"
        }
      }
    },
    {
      "id": "afbe6f90-ec42-11e8-b71d-3b91ce81de42",
      "type": "dashboard",
      "version": 1,
      "attributes": {
        "title": "IBM cloud private for Data",
        "hits": 0,
        "description": "",
        "panelsJSON": "[{\"col\":1,\"id\":\"d3bb3190-ec41-11e8-befa-0bc0acbae1b7\",\"panelIndex\":1,\"row\":1,\"size_x\":6,\"size_y\":3,\"type\":\"visualization\"},{\"col\":7,\"id\":\"6833d7d0-ec35-11e8-9dce-6d12537c345f\",\"panelIndex\":2,\"row\":1,\"size_x\":6,\"size_y\":3,\"type\":\"visualization\"},{\"col\":1,\"columns\":[\"node.hostname\",\"kubernetes.pod\",\"log\"],\"id\":\"b44d7d50-ec31-11e8-ac9a-59291829f034\",\"panelIndex\":3,\"row\":4,\"size_x\":12,\"size_y\":4,\"sort\":[\"@timestamp\",\"desc\"],\"type\":\"search\"},{\"col\":1,\"columns\":[\"node.hostname\",\"kubernetes.pod\",\"log\"],\"id\":\"8d2f6900-ec30-11e8-ac9a-59291829f034\",\"panelIndex\":5,\"row\":12,\"size_x\":12,\"size_y\":4,\"sort\":[\"@timestamp\",\"desc\"],\"type\":\"search\"},{\"size_x\":12,\"size_y\":4,\"panelIndex\":6,\"type\":\"search\",\"id\":\"c6781ef0-ec2b-11e8-b2d9-114689fc9180\",\"col\":1,\"row\":8,\"columns\":[\"node.hostname\",\"kubernetes.pod\",\"log\"],\"sort\":[\"@timestamp\",\"desc\"]}]",
        "optionsJSON": "{\"darkTheme\":false}",
        "uiStateJSON": "{\"P-1\":{\"vis\":{\"legendOpen\":false}}}",
        "version": 1,
        "timeRestore": false,
        "kibanaSavedObjectMeta": {
          "searchSourceJSON": "{\"filter\":[{\"query\":{\"query_string\":{\"analyze_wildcard\":true,\"query\":\"*\"}}}],\"highlightAll\":true,\"version\":true}"
        }
      }
    }
  ]
}
